{"text": " Hello Hello, could you hear me and please introduce yourself and I would like to I\u00b4ll warn you, forgive me and please understand, I already speak English.", "segments": [{"id": 0, "seek": 0, "start": 0.0, "end": 9.82, "text": " Hello Hello, could you hear me and please introduce yourself and I would like to", "tokens": [50364, 2425, 2425, 11, 727, 291, 1568, 385, 293, 1767, 5366, 1803, 293, 286, 576, 411, 281, 50855], "temperature": 0.0, "avg_logprob": -0.6344630241394043, "compression_ratio": 1.0810810810810811, "no_speech_prob": 0.10678952932357788}, {"id": 1, "seek": 982, "start": 9.82, "end": 14.18, "text": " I\u00b4ll warn you, forgive me and please understand, I already speak English.", "tokens": [50376, 286, 6945, 285, 12286, 291, 11, 10718, 385, 293, 1767, 1223, 11, 286, 1217, 1710, 3669, 13, 50582], "temperature": 1.0, "avg_logprob": -2.9843725204467773, "compression_ratio": 0.9367088607594937, "no_speech_prob": 0.146563321352005}], "language": "en"}